sample,0,1,2,3,4,5,6,7,8,9,10,11,12,13,14,15,16,17,18,19,20,21,22,23,24,25,26,27,28,29,30,31,32,33,34,35,36,37,38,39,40,41,42,43,44,45,46,47,48,49,50,51,52,53,54,55,56,57,58,59,60,61,62,63,64,65,66,67,68,69,70,71,72,73,74,75,76,77,78,79,80,81,82,83,84,85,86,87,88,89,90,91,92,93,94,95,96,97,98
A1_05_2023_01_04,0.0,0.014520637455984317,0.014520637455984317,0.014520637455984317,0.0006171270918793335,0.010237049406468943,0.014520637455984317,0.00018150796819980396,0.0011979525901187062,0.014520637455984317,0.014520637455984317,0.014520637455984317,0.014520637455984317,0.0009438414346389807,0.0007986350600791374,0.014520637455984317,0.013540494427705376,0.014520637455984317,0.014520637455984317,0.0012705557773986277,0.00025411115547972556,0.0013794605583185102,0.0,0.0010164446219189023,0.010890478091988239,0.012632954586706357,0.014520637455984317,0.014520637455984317,0.006134969325153374,0.0005808254982393727,0.0,0.014520637455984317,0.0018150796819980397,0.014520637455984317,0.014520637455984317,0.005227429484154354,0.014520637455984317,0.014520637455984317,0.014520637455984317,0.014520637455984317,0.014520637455984317,0.014520637455984317,0.014520637455984317,0.014520637455984317,0.014520637455984317,0.014520637455984317,0.0013068573710385886,0.014520637455984317,0.0027226195229970596,0.003884270519475805,0.004283588049515374,0.014520637455984317,0.014520637455984317,0.014520637455984317,0.014520637455984317,0.014520637455984317,0.0015246669328783534,0.014520637455984317,0.013504192834065416,0.01143500199658765,0.014520637455984317,0.014520637455984317,0.014520637455984317,0.014520637455984317,0.004392492830435256,0.0029404290848368242,0.00457400079863506,0.014520637455984317,0.00871238247359059,0.009765128689149454,0.014520637455984317,0.014520637455984317,3.6301593639960794e-05,3.6301593639960794e-05,0.0,0.014520637455984317,0.006207572512433296,0.014520637455984317,0.014520637455984317,0.014520637455984317,0.006207572512433296,0.014520637455984317,0.004828111954114786,0.014520637455984317,0.014520637455984317,0.0024322067738773733,0.014520637455984317,0.0011979525901187062,0.014520637455984317,0.008784985660870511,0.014520637455984317,0.004828111954114786,0.014520637455984317,0.014520637455984317,0.014520637455984317,0.014520637455984317,0.014520637455984317,0.014520637455984317,0.014520637455984317
A2_10_2023_01_05,0.0,0.011551345731777752,0.011551345731777752,0.011551345731777752,0.0051403488506410995,0.011551345731777752,0.011551345731777752,0.0018770936814138848,0.011551345731777752,0.011551345731777752,0.011551345731777752,0.011551345731777752,0.011551345731777752,0.011551345731777752,0.0,0.011551345731777752,0.011551345731777752,0.011551345731777752,0.011551345731777752,0.010771629894882754,0.0014150398521427746,0.007595009818643872,0.0004620538292711101,0.00817257710523276,0.011551345731777752,0.011551345731777752,0.011551345731777752,0.011551345731777752,0.008807901120480535,0.011493589003118863,0.0005486889222594433,0.011551345731777752,0.008605752570174425,0.011551345731777752,0.011551345731777752,0.011551345731777752,0.011551345731777752,0.011551345731777752,0.011551345731777752,0.011551345731777752,0.011551345731777752,0.011551345731777752,0.011551345731777752,0.011551345731777752,0.011551345731777752,0.011551345731777752,0.011551345731777752,0.011551345731777752,0.004995957028993878,0.011551345731777752,0.0030899849832505487,0.011551345731777752,0.011551345731777752,0.011551345731777752,0.011551345731777752,0.011551345731777752,0.011551345731777752,0.011551345731777752,0.011551345731777752,0.007999306919256093,0.011551345731777752,0.011551345731777752,0.011551345731777752,0.010973778445188865,0.011551345731777752,0.007363982904008317,0.011551345731777752,0.011551345731777752,0.011551345731777752,0.011551345731777752,0.011551345731777752,0.011551345731777752,0.0044472681067344345,0.0012706480304955528,0.00011551345731777752,0.011551345731777752,0.011551345731777752,0.011551345731777752,0.00883677948480998,0.011551345731777752,0.011551345731777752,0.011551345731777752,0.011551345731777752,0.011551345731777752,0.011551345731777752,0.011551345731777752,0.011551345731777752,0.008114820376573871,0.011551345731777752,0.011551345731777752,0.011551345731777752,0.011551345731777752,0.011551345731777752,0.011551345731777752,0.011551345731777752,0.011551345731777752,0.011551345731777752,0.011551345731777752,0.011551345731777752
A3_16_2023_01_06,0.0,0.014627635259914794,0.014627635259914794,0.014627635259914794,0.0009142272037446747,0.014408220731016072,0.014627635259914794,0.0004753981459472308,0.0011336417326433966,0.014627635259914794,0.014627635259914794,0.014627635259914794,0.014627635259914794,0.0018284544074893493,0.0,0.014627635259914794,0.014627635259914794,0.014225375290267137,0.014627635259914794,0.0017918853193395622,0.00032912179334808285,0.0017553162311897753,3.6569088149786985e-05,0.0012433489970927576,0.014627635259914794,0.009800515624142912,0.014627635259914794,0.014627635259914794,0.0033643561097804024,0.0011336417326433966,0.0,0.014627635259914794,0.002779250699383811,0.014627635259914794,0.014627635259914794,0.008520597538900368,0.014627635259914794,0.014627635259914794,0.014627635259914794,0.014627635259914794,0.014627635259914794,0.014627635259914794,0.014627635259914794,0.014627635259914794,0.014627635259914794,0.014627635259914794,0.0033277870216306157,0.014627635259914794,0.0010605035563438225,0.004717412371322521,0.0015724707904408405,0.014627635259914794,0.014627635259914794,0.014627635259914794,0.014627635259914794,0.014627635259914794,0.004753981459472308,0.014627635259914794,0.014627635259914794,0.0035472015505293377,0.014627635259914794,0.014627635259914794,0.014627635259914794,0.005375655958018687,0.0038031851675778463,0.001974730760088497,0.00884971933224845,0.013164871733923314,0.01225064453017864,0.005521932310617835,0.014627635259914794,0.014627635259914794,0.00032912179334808285,0.00014627635259914794,7.313817629957397e-05,0.010586751019363332,0.007533232158856119,0.014627635259914794,0.00424201422537529,0.014627635259914794,0.014627635259914794,0.014627635259914794,0.0066555740432612314,0.014627635259914794,0.014627635259914794,0.0028523888756833847,0.014627635259914794,0.0018284544074893493,0.014627635259914794,0.006289883161763362,0.014627635259914794,0.0066555740432612314,0.014627635259914794,0.014627635259914794,0.014627635259914794,0.014627635259914794,0.014627635259914794,0.014627635259914794,0.014627635259914794
A4_17_2023_01_07,0.0,0.013011515190943986,0.013011515190943986,0.013011515190943986,0.0016589681868453582,0.013011515190943986,0.013011515190943986,0.0004554030316830395,0.002602303038188797,0.013011515190943986,0.013011515190943986,0.013011515190943986,0.013011515190943986,0.005562422744128554,0.0,0.013011515190943986,0.013011515190943986,0.013011515190943986,0.013011515190943986,0.004293800013011515,0.00022770151584151975,0.004619087892785115,9.758636393207989e-05,0.004293800013011515,0.013011515190943986,0.013011515190943986,0.013011515190943986,0.013011515190943986,0.003382993949645436,0.002569774250211437,0.0,0.013011515190943986,0.002830004554030317,0.013011515190943986,0.013011515190943986,0.011645306095894868,0.013011515190943986,0.013011515190943986,0.013011515190943986,0.013011515190943986,0.013011515190943986,0.013011515190943986,0.013011515190943986,0.013011515190943986,0.013011515190943986,0.013011515190943986,0.00943334851343439,0.013011515190943986,0.0015288530349359182,0.007644265174679591,0.0016264393988679982,0.013011515190943986,0.013011515190943986,0.013011515190943986,0.013011515190943986,0.013011515190943986,0.012458525795328867,0.013011515190943986,0.013011515190943986,0.004293800013011515,0.013011515190943986,0.013011515190943986,0.013011515190943986,0.007676793962656951,0.011840478823759026,0.006115412139743673,0.013011515190943986,0.013011515190943986,0.013011515190943986,0.013011515190943986,0.013011515190943986,0.013011515190943986,0.0002927590917962397,0.00022770151584151975,0.0,0.013011515190943986,0.013011515190943986,0.013011515190943986,0.005822653047947434,0.013011515190943986,0.013011515190943986,0.013011515190943986,0.013011515190943986,0.013011515190943986,0.013011515190943986,0.005855181835924793,0.013011515190943986,0.0023095439463925575,0.013011515190943986,0.009888751545117428,0.013011515190943986,0.009986337909049509,0.013011515190943986,0.013011515190943986,0.013011515190943986,0.013011515190943986,0.013011515190943986,0.013011515190943986,0.013011515190943986
A5_19_2023_01_08,0.0,0.04941321803582458,0.03891290920321186,0.006670784434836319,0.00012353304508956145,0.0011117974058060531,0.015935762816553428,0.0,0.0,0.04657195799876467,0.0007411982705373688,0.014700432365657814,0.0007411982705373688,0.0,0.0,0.003829524397776405,0.0002470660901791229,0.004941321803582459,0.0004941321803582458,0.0,0.0,0.00012353304508956145,0.0,0.0002470660901791229,0.0,0.0023471278567016676,0.027547869054972206,0.04941321803582458,0.0,0.00012353304508956145,0.0,0.012229771463866584,0.0,0.005806053119209388,0.001605929586164299,0.0,0.0002470660901791229,0.0044471896232242125,0.0002470660901791229,0.04941321803582458,0.009141445336627549,0.0022235948116121063,0.0033353922174181594,0.04941321803582458,0.04941321803582458,0.03891290920321186,0.00012353304508956145,0.0017294626312538604,0.0,0.0006176652254478073,0.0,0.04941321803582458,0.04941321803582458,0.020877084620135888,0.0009882643607164916,0.04941321803582458,0.00012353304508956145,0.04941321803582458,0.0002470660901791229,0.001605929586164299,0.007782581840642372,0.015441630636195183,0.021000617665225447,0.007782581840642372,0.0,0.0,0.0,0.0024706609017912293,0.00012353304508956145,0.0009882643607164916,0.0,0.0023471278567016676,0.0,0.0,0.0,0.0023471278567016676,0.00012353304508956145,0.04941321803582458,0.0017294626312538604,0.0008647313156269302,0.0004941321803582458,0.009759110562075355,0.0,0.04941321803582458,0.0008647313156269302,0.00012353304508956145,0.003829524397776405,0.0,0.0008647313156269302,0.0012353304508956147,0.0004941321803582458,0.0003705991352686844,0.0012353304508956147,0.001358863495985176,0.027794935145151328,0.04941321803582458,0.001976528721432983,0.022483014206300184,0.0012353304508956147
A6_25_2023_01_09,0.0,0.0138461005919208,0.0138461005919208,0.0138461005919208,0.004949980961611686,0.0138461005919208,0.0138461005919208,0.002492298106545744,0.006196130014884558,0.0138461005919208,0.0138461005919208,0.0138461005919208,0.0138461005919208,0.010419190695420402,0.0,0.0138461005919208,0.0138461005919208,0.0138461005919208,0.0138461005919208,0.011319187233895254,0.000449998269237426,0.00467305894977327,0.001280764304752674,0.00674997403856139,0.0138461005919208,0.007788431582955451,0.0138461005919208,0.0138461005919208,0.00138461005919208,0.000796150784035446,0.000138461005919208,0.01298071930492575,0.00363460140537921,0.01332687181972377,0.0138461005919208,0.002492298106545744,0.0138461005919208,0.013776870088961196,0.0138461005919208,0.0138461005919208,0.0138461005919208,0.012392260029769116,0.0138461005919208,0.0138461005919208,0.0138461005919208,0.01073072795873862,0.012876873550486344,0.008930734881788915,0.000657689778116238,0.002665374363944754,0.00017307625739901,0.0138461005919208,0.0138461005919208,0.0138461005919208,0.0138461005919208,0.0138461005919208,0.011146110976496244,0.0138461005919208,0.0138461005919208,0.000969227041434456,0.0138461005919208,0.0138461005919208,0.0138461005919208,0.00121153380179307,0.008376890858112085,0.001834608328429506,0.0138461005919208,0.01332687181972377,0.0138461005919208,0.006507667278202776,0.0138461005919208,0.0138461005919208,0.003323064142060992,0.000726920281075842,3.4615251479802e-05,0.007684585828516044,0.010973034719097234,0.0138461005919208,0.00207691508878812,0.0138461005919208,0.0138461005919208,0.0138461005919208,0.012219183772370107,0.0138461005919208,0.0138461005919208,0.005469209733808716,0.0138461005919208,0.002734604866904358,0.0138461005919208,0.002146145591747724,0.0138461005919208,0.008273045103672678,0.0138461005919208,0.0138461005919208,0.0138461005919208,0.0138461005919208,0.0138461005919208,0.0138461005919208,0.0138461005919208
B1_05_2023_01_05,0.0,0.01473703601363176,0.01473703601363176,0.01473703601363176,0.00036842590034079397,0.011163304780326056,0.01473703601363176,0.0002578981302385558,0.0009579073408860643,0.01473703601363176,0.01473703601363176,0.01473703601363176,0.01473703601363176,0.0014368610113290965,0.0,0.01473703601363176,0.010205397439439993,0.01473703601363176,0.01473703601363176,0.001400018421295017,0.00014737036013631757,0.002726351662521875,0.0,0.0014368610113290965,0.00980012894906512,0.013963341622916091,0.01473703601363176,0.01473703601363176,0.0032789905130330664,0.000921064750851985,3.684259003407939e-05,0.01473703601363176,0.0010315925209542231,0.01473703601363176,0.01473703601363176,0.005526388505111909,0.01473703601363176,0.01473703601363176,0.01473703601363176,0.01473703601363176,0.01473703601363176,0.01473703601363176,0.01473703601363176,0.01473703601363176,0.01473703601363176,0.01473703601363176,0.0011789628810905406,0.01473703601363176,0.001400018421295017,0.003721101593442019,0.0024684535322833196,0.01473703601363176,0.01473703601363176,0.01473703601363176,0.01473703601363176,0.01473703601363176,0.0015105461913972552,0.01473703601363176,0.011973841761075804,0.010315925209542231,0.01473703601363176,0.01473703601363176,0.01473703601363176,0.01473703601363176,0.005379018144975592,0.0027631942525559545,0.004936907064566639,0.01473703601363176,0.0098369715390992,0.010315925209542231,0.01473703601363176,0.01473703601363176,3.684259003407939e-05,7.368518006815879e-05,0.0,0.014644929538546559,0.005784286635350465,0.01473703601363176,0.013779128672745694,0.01473703601363176,0.004384268214055448,0.01473703601363176,0.004936907064566639,0.01473703601363176,0.01473703601363176,0.0025421387123514784,0.01473703601363176,0.0010684351109883025,0.01473703601363176,0.006926406926406926,0.01473703601363176,0.004826379294464401,0.01473703601363176,0.01473703601363176,0.01473703601363176,0.01473703601363176,0.01473703601363176,0.01473703601363176,0.01473703601363176
B2_10_2023_01_06,0.0,0.012404254659348156,0.012404254659348156,0.012404254659348156,0.001984680745495705,0.012404254659348156,0.012404254659348156,0.0005271808230222966,0.002883989208298446,0.012404254659348156,0.012404254659348156,0.012404254659348156,0.012404254659348156,0.006791329425993115,0.0,0.012404254659348156,0.012404254659348156,0.012404254659348156,0.012404254659348156,0.006016063509783856,0.00043414891307718545,0.005643935870003411,0.0,0.004465531677365337,0.012404254659348156,0.012404254659348156,0.012404254659348156,0.012404254659348156,0.008465903805005117,0.003721276397804447,3.101063664837039e-05,0.012404254659348156,0.00400037212763978,0.012404254659348156,0.012404254659348156,0.012404254659348156,0.012404254659348156,0.012404254659348156,0.012404254659348156,0.012404254659348156,0.012404254659348156,0.012404254659348156,0.012404254659348156,0.012404254659348156,0.012404254659348156,0.012404254659348156,0.007597605978850746,0.012404254659348156,0.0031320743014854094,0.011691010016435638,0.0038763295810462987,0.012404254659348156,0.012404254659348156,0.012404254659348156,0.012404254659348156,0.012404254659348156,0.007225478339070301,0.012404254659348156,0.012404254659348156,0.011473935559897045,0.012404254659348156,0.012404254659348156,0.012404254659348156,0.012404254659348156,0.010636648370391045,0.00710143579247682,0.012404254659348156,0.012404254659348156,0.012404254659348156,0.012404254659348156,0.012404254659348156,0.012404254659348156,0.0003721276397804447,0.00024808509318696313,3.101063664837039e-05,0.012404254659348156,0.012404254659348156,0.012404254659348156,0.012404254659348156,0.012404254659348156,0.012404254659348156,0.012404254659348156,0.012404254659348156,0.012404254659348156,0.012404254659348156,0.007721648525444227,0.012404254659348156,0.003225106211430521,0.012404254659348156,0.012404254659348156,0.012404254659348156,0.012404254659348156,0.012404254659348156,0.012404254659348156,0.012404254659348156,0.012404254659348156,0.012404254659348156,0.012404254659348156,0.012404254659348156
B3_16_2023_01_07,0.0,0.018996058317899037,0.018996058317899037,0.018996058317899037,9.498029158949519e-05,0.004369093413116778,0.018996058317899037,4.749014579474759e-05,0.0004274113121527283,0.018996058317899037,0.016953982048724888,0.018996058317899037,0.018996058317899037,0.00028494087476848553,0.0,0.013107280239350335,0.0033243102056323315,0.014816925487961248,0.01757135394405661,0.00018996058317899037,0.0,0.00023745072897373795,4.749014579474759e-05,0.00028494087476848553,0.004986465308448497,0.004464073704706273,0.018996058317899037,0.018996058317899037,0.0013297240822529326,0.00023745072897373795,0.0,0.018996058317899037,0.001044783207484447,0.018996058317899037,0.018996058317899037,0.0022320368523531366,0.007171012015006886,0.017666334235646102,0.018758607588925297,0.018996058317899037,0.018996058317899037,0.007835874056133353,0.018996058317899037,0.018996058317899037,0.018996058317899037,0.018996058317899037,0.0004274113121527283,0.01101771382438144,0.0005698817495369711,0.0014721945196371753,0.0008548226243054566,0.018996058317899037,0.018996058317899037,0.018996058317899037,0.018996058317899037,0.018996058317899037,0.00018996058317899037,0.018996058317899037,0.00531889632901173,0.005033955454243244,0.018996058317899037,0.018996058317899037,0.018996058317899037,0.014816925487961248,0.0014721945196371753,0.0009972930616896994,0.0011872536448686898,0.013867122572066296,0.002184546706558389,0.0041316426841430404,0.009545519304744265,0.012062497031865889,0.0,0.0,0.0,0.008809422044925679,0.0013297240822529326,0.018996058317899037,0.0088806572636178,0.007076031723417391,0.002516977727121622,0.018996058317899037,0.0017096452486109132,0.018996058317899037,0.010400341929049723,0.0009023127701002043,0.018996058317899037,0.00028494087476848553,0.015671748112266706,0.0035142707888113217,0.018996058317899037,0.0018996058317899036,0.015861708695445696,0.004511563850501021,0.018996058317899037,0.018996058317899037,0.018996058317899037,0.018046255402004083,0.011088949043073563
B4_17_2023_01_08,0.0002593264920534953,0.014818656688771163,0.014818656688771163,0.014818656688771163,0.0010002593264920535,0.014818656688771163,0.014818656688771163,0.0,0.001148445893379765,0.014818656688771163,0.014818656688771163,0.014818656688771163,0.014818656688771163,0.0017041455192086837,0.0,0.014818656688771163,0.011076945874856444,0.014818656688771163,0.014818656688771163,0.001185492535101693,0.00014818656688771163,0.0012966324602674767,3.7046641721927906e-05,0.00037046641721927905,0.014411143629829955,0.01204015855962657,0.014818656688771163,0.014818656688771163,0.002741451487422665,0.0006297929092727744,0.0,0.014818656688771163,0.0018523320860963954,0.014818656688771163,0.014818656688771163,0.004630830215240988,0.014818656688771163,0.014818656688771163,0.014818656688771163,0.014818656688771163,0.014818656688771163,0.009854406698032824,0.014818656688771163,0.014818656688771163,0.014818656688771163,0.014818656688771163,0.0035564776053050792,0.014818656688771163,0.0008520727596043418,0.004112177231133998,0.0015189123105990442,0.014818656688771163,0.014818656688771163,0.014818656688771163,0.014818656688771163,0.014818656688771163,0.004223317156299781,0.014818656688771163,0.014818656688771163,0.0036305708887489348,0.014818656688771163,0.014818656688771163,0.014818656688771163,0.0071129552106101585,0.005519949616567258,0.0020746119364279626,0.005594042900011114,0.014818656688771163,0.0095580335642574,0.009483940280813544,0.014818656688771163,0.014818656688771163,7.409328344385581e-05,7.409328344385581e-05,0.0,0.014818656688771163,0.00918756714703812,0.014818656688771163,0.004667876856962916,0.014818656688771163,0.011410365650353796,0.014818656688771163,0.005001296632460268,0.014818656688771163,0.014818656688771163,0.0030378246211980884,0.014818656688771163,0.001185492535101693,0.014818656688771163,0.007409328344385581,0.014818656688771163,0.006483162301337384,0.014818656688771163,0.014818656688771163,0.014818656688771163,0.014818656688771163,0.014818656688771163,0.014818656688771163,0.014818656688771163
B5_19_2023_01_09,0.0,0.01199220506670664,0.01199220506670664,0.01199220506670664,0.0034177784440113925,0.01199220506670664,0.01199220506670664,0.0014090840953380303,0.005366511767351222,0.01199220506670664,0.01199220506670664,0.01199220506670664,0.01199220506670664,0.005336531254684455,0.0,0.01199220506670664,0.01199220506670664,0.01199220506670664,0.01199220506670664,0.011302653275371008,0.0008394543546694648,0.009204017388697347,0.0002098635886673662,0.006205966122020686,0.01199220506670664,0.01199220506670664,0.01199220506670664,0.01199220506670664,0.006925498426023085,0.008574426622695247,0.0001199220506670664,0.01199220506670664,0.0043471743366811574,0.01199220506670664,0.01199220506670664,0.01199220506670664,0.01199220506670664,0.01199220506670664,0.01199220506670664,0.01199220506670664,0.01199220506670664,0.01199220506670664,0.01199220506670664,0.01199220506670664,0.01199220506670664,0.01199220506670664,0.01199220506670664,0.01199220506670664,0.002578324089341928,0.01199220506670664,0.0032079148553440266,0.01199220506670664,0.01199220506670664,0.01199220506670664,0.01199220506670664,0.01199220506670664,0.010643081996702143,0.01199220506670664,0.01199220506670664,0.009204017388697347,0.01199220506670664,0.01199220506670664,0.01199220506670664,0.01199220506670664,0.01199220506670664,0.00785489431869285,0.01199220506670664,0.01199220506670664,0.01199220506670664,0.01199220506670664,0.01199220506670664,0.01199220506670664,0.0012292010193374306,0.00032978563933443265,0.0,0.01199220506670664,0.01199220506670664,0.01199220506670664,0.01199220506670664,0.01199220506670664,0.01199220506670664,0.01199220506670664,0.01199220506670664,0.01199220506670664,0.01199220506670664,0.010283315844700944,0.01199220506670664,0.003987408184679958,0.01199220506670664,0.01199220506670664,0.01199220506670664,0.01199220506670664,0.01199220506670664,0.01199220506670664,0.01199220506670664,0.01199220506670664,0.01199220506670664,0.01199220506670664,0.01199220506670664
B6_25_2023_01_10,0.0,0.012444776305145915,0.012444776305145915,0.012444776305145915,0.0038578806545952337,0.009022462821230788,0.012444776305145915,0.0016800448011946986,0.005289029929687014,0.012444776305145915,0.012444776305145915,0.012444776305145915,0.012444776305145915,0.011355858378445648,0.0,0.012444776305145915,0.012444776305145915,0.012444776305145915,0.012444776305145915,0.011791425549125755,0.0006844626967830253,0.006440171737913011,0.00046667911144297183,0.005257917988924149,0.012444776305145915,0.012444776305145915,0.012444776305145915,0.012444776305145915,0.0030178582539978844,0.007000186671644577,0.0002488955261029183,0.012444776305145915,0.004635679173666854,0.012444776305145915,0.012444776305145915,0.012444776305145915,0.012444776305145915,0.012444776305145915,0.012444776305145915,0.012444776305145915,0.012444776305145915,0.012444776305145915,0.012444776305145915,0.012444776305145915,0.012444776305145915,0.012444776305145915,0.010889179267002676,0.012444776305145915,0.002053388090349076,0.01241366436438305,0.001151141808225997,0.012444776305145915,0.012444776305145915,0.012444776305145915,0.012444776305145915,0.012444776305145915,0.011044738970817,0.012444776305145915,0.012444776305145915,0.005631261278078527,0.012444776305145915,0.012444776305145915,0.012444776305145915,0.005506813515027067,0.012444776305145915,0.005693485159604256,0.012444776305145915,0.012444776305145915,0.012444776305145915,0.012444776305145915,0.012444776305145915,0.012444776305145915,0.002053388090349076,0.0007777985190716197,0.0002488955261029183,0.011542530023022836,0.012444776305145915,0.012444776305145915,0.007715761309190467,0.012444776305145915,0.012444776305145915,0.012444776305145915,0.012444776305145915,0.012444776305145915,0.012444776305145915,0.009924709103353867,0.012444776305145915,0.003360089602389397,0.012444776305145915,0.005880156804181445,0.012444776305145915,0.012009209134465808,0.012444776305145915,0.012444776305145915,0.012444776305145915,0.012444776305145915,0.012444776305145915,0.012444776305145915,0.012444776305145915
C1_05_2023_01_06,0.0,0.013060371567571097,0.013060371567571097,0.013060371567571097,0.0011754334410813989,0.008717798021353708,0.013060371567571097,0.0005877167205406994,0.0022202631664870864,0.013060371567571097,0.013060371567571097,0.013060371567571097,0.013060371567571097,0.004375224475136318,0.0,0.013060371567571097,0.013060371567571097,0.013060371567571097,0.013060371567571097,0.004505828190812028,0.0002285565024324942,0.005387403271623078,3.265092891892774e-05,0.004538479119730957,0.013060371567571097,0.012342051131354687,0.013060371567571097,0.013060371567571097,0.006497534854866621,0.003983413328109185,6.530185783785548e-05,0.013060371567571097,0.003656904038919907,0.013060371567571097,0.013060371567571097,0.013060371567571097,0.013060371567571097,0.013060371567571097,0.013060371567571097,0.013060371567571097,0.013060371567571097,0.013060371567571097,0.013060371567571097,0.013060371567571097,0.013060371567571097,0.013060371567571097,0.0042446207594606065,0.013060371567571097,0.0019917066640545923,0.008358637803245502,0.0029059326737845693,0.013060371567571097,0.013060371567571097,0.013060371567571097,0.013060371567571097,0.013060371567571097,0.005681261631893427,0.013060371567571097,0.013060371567571097,0.008130081300813009,0.013060371567571097,0.013060371567571097,0.013060371567571097,0.013060371567571097,0.007019949717569465,0.004407875404055245,0.010905410258921866,0.013060371567571097,0.013060371567571097,0.012080843700003265,0.013060371567571097,0.013060371567571097,0.0002285565024324942,0.0003918111470271329,0.0,0.013060371567571097,0.011754334410813987,0.013060371567571097,0.011362523263786855,0.013060371567571097,0.013060371567571097,0.013060371567571097,0.010023835178110818,0.013060371567571097,0.013060371567571097,0.005093544911352728,0.013060371567571097,0.002677376171352075,0.013060371567571097,0.011884938126489698,0.013060371567571097,0.012799164136219676,0.013060371567571097,0.013060371567571097,0.013060371567571097,0.013060371567571097,0.013060371567571097,0.013060371567571097,0.013060371567571097
C2_10_2023_01_07,0.0,0.01187331176348363,0.01187331176348363,0.01187331176348363,0.0017513134851138354,0.01187331176348363,0.01187331176348363,0.000801448544035145,0.004838374543619579,0.01187331176348363,0.01187331176348363,0.01187331176348363,0.01187331176348363,0.007183353616907596,0.0,0.01187331176348363,0.01187331176348363,0.01187331176348363,0.01187331176348363,0.009201816616699813,0.0008904983822612722,0.008815933984386595,8.904983822612723e-05,0.008044168719760159,0.01187331176348363,0.01187331176348363,0.01187331176348363,0.01187331176348363,0.008756567425569177,0.008756567425569177,0.00017809967645225446,0.01187331176348363,0.005046157499480543,0.01187331176348363,0.01187331176348363,0.01187331176348363,0.01187331176348363,0.01187331176348363,0.01187331176348363,0.01187331176348363,0.01187331176348363,0.01187331176348363,0.01187331176348363,0.01187331176348363,0.01187331176348363,0.01187331176348363,0.01187331176348363,0.01187331176348363,0.002819911543827362,0.01187331176348363,0.003146427617323162,0.01187331176348363,0.01187331176348363,0.01187331176348363,0.01187331176348363,0.01187331176348363,0.010745347145952685,0.01187331176348363,0.01187331176348363,0.011843628484074921,0.01187331176348363,0.01187331176348363,0.01187331176348363,0.01187331176348363,0.01056724746950043,0.008904983822612723,0.01187331176348363,0.01187331176348363,0.01187331176348363,0.01187331176348363,0.01187331176348363,0.01187331176348363,0.0007420819852177269,0.0006530321469915997,0.0,0.01187331176348363,0.01187331176348363,0.01187331176348363,0.01187331176348363,0.01187331176348363,0.01187331176348363,0.01187331176348363,0.01187331176348363,0.01187331176348363,0.01187331176348363,0.01187331176348363,0.01187331176348363,0.007598919528629523,0.01187331176348363,0.01187331176348363,0.01187331176348363,0.01187331176348363,0.01187331176348363,0.01187331176348363,0.01187331176348363,0.01187331176348363,0.01187331176348363,0.01187331176348363,0.01187331176348363
C3_16_2023_01_08,6.050338818973863e-05,0.012100677637947725,0.012100677637947725,0.012100677637947725,0.003388189738625363,0.012100677637947725,0.012100677637947725,0.001845353339787028,0.007532671829622459,0.012100677637947725,0.012100677637947725,0.012100677637947725,0.012100677637947725,0.010799854791868345,0.0,0.012100677637947725,0.012100677637947725,0.012100677637947725,0.012100677637947725,0.012100677637947725,0.001361326234269119,0.005929332042594385,0.001452081316553727,0.008591481122942885,0.012100677637947725,0.012100677637947725,0.012100677637947725,0.012100677637947725,0.004053727008712488,0.00971079380445305,0.000484027105517909,0.012100677637947725,0.01052758954501452,0.012100677637947725,0.012100677637947725,0.012100677637947725,0.012100677637947725,0.012100677637947725,0.012100677637947725,0.012100677637947725,0.012100677637947725,0.012100677637947725,0.012100677637947725,0.012100677637947725,0.012100677637947725,0.012100677637947725,0.012100677637947725,0.012100677637947725,0.002510890609874153,0.012100677637947725,0.0014823330106485963,0.012100677637947725,0.012100677637947725,0.012100677637947725,0.012100677637947725,0.012100677637947725,0.012100677637947725,0.012100677637947725,0.012100677637947725,0.0024503872216844144,0.012100677637947725,0.012100677637947725,0.012100677637947725,0.00396297192642788,0.01101161665053243,0.002904162633107454,0.012100677637947725,0.012100677637947725,0.012100677637947725,0.012100677637947725,0.012100677637947725,0.012100677637947725,0.007441916747337851,0.0012705711519845112,9.075508228460794e-05,0.011495643756050338,0.012100677637947725,0.012100677637947725,0.005596563407550823,0.012100677637947725,0.012100677637947725,0.012100677637947725,0.012100677637947725,0.012100677637947725,0.012100677637947725,0.012100677637947725,0.012100677637947725,0.007532671829622459,0.012100677637947725,0.00526379477250726,0.012100677637947725,0.012100677637947725,0.012100677637947725,0.012100677637947725,0.012100677637947725,0.012100677637947725,0.012100677637947725,0.012100677637947725,0.012100677637947725
C4_17_2023_01_09,0.0,0.012614913982055284,0.012614913982055284,0.012614913982055284,0.001955311667218569,0.012614913982055284,0.012614913982055284,0.0010722676884746991,0.004509831748584764,0.012614913982055284,0.012614913982055284,0.012614913982055284,0.012614913982055284,0.006465143415803333,3.1537284955138214e-05,0.012614913982055284,0.012614913982055284,0.012614913982055284,0.012614913982055284,0.007158963684816375,0.0005361338442373496,0.006465143415803333,0.00012614913982055286,0.00529826387246322,0.012614913982055284,0.012614913982055284,0.012614913982055284,0.012614913982055284,0.004541369033539903,0.004257533468943659,9.461185486541464e-05,0.012614913982055284,0.0027595124335745938,0.012614913982055284,0.012614913982055284,0.012614913982055284,0.012614913982055284,0.012614913982055284,0.012614913982055284,0.012614913982055284,0.012614913982055284,0.012614913982055284,0.012614913982055284,0.012614913982055284,0.012614913982055284,0.012614913982055284,0.008451992367977041,0.012614913982055284,0.0018291625273980164,0.012488764842234733,0.001797625242442878,0.012614913982055284,0.012614913982055284,0.012614913982055284,0.012614913982055284,0.012614913982055284,0.011164198874118927,0.012614913982055284,0.012614913982055284,0.004730592743270732,0.012614913982055284,0.012614913982055284,0.012614913982055284,0.008042007663560244,0.009808095621047983,0.006780516265354716,0.012614913982055284,0.012614913982055284,0.012614913982055284,0.012614913982055284,0.012614913982055284,0.012614913982055284,0.0008515066937887317,0.00015768642477569106,3.1537284955138214e-05,0.012614913982055284,0.012614913982055284,0.012614913982055284,0.005487487582194049,0.012614913982055284,0.012614913982055284,0.012614913982055284,0.012047242852862797,0.012614913982055284,0.012614913982055284,0.01002885661573395,0.012614913982055284,0.0037844741946165853,0.012614913982055284,0.012047242852862797,0.012614913982055284,0.012614913982055284,0.012614913982055284,0.012614913982055284,0.012614913982055284,0.012614913982055284,0.012614913982055284,0.012614913982055284,0.012614913982055284
C5_19_2023_01_10,0.0,0.026996018087332117,0.026996018087332117,0.026996018087332117,0.0,0.004994263346156442,0.026996018087332117,6.74900452183303e-05,0.0001349800904366606,0.026996018087332117,0.0015522710400215967,0.026996018087332117,0.002024701356549909,0.00020247013565499088,0.0,0.012080718094081124,0.0006074104069649726,0.012553148410609435,0.0019572113113315785,0.0001349800904366606,0.0,0.00020247013565499088,0.0,0.00033745022609165147,0.0006749004521833029,0.0066815144766146995,0.026996018087332117,0.026996018087332117,0.0001349800904366606,0.0001349800904366606,0.0,0.026996018087332117,6.74900452183303e-05,0.023081595464668963,0.007153944793143011,0.0017547411756765876,0.0005399203617466423,0.01815482216373085,0.0023621515826415603,0.026996018087332117,0.02065195383680907,0.00681649456705136,0.007558885064452993,0.026996018087332117,0.026996018087332117,0.026996018087332117,0.0,0.006479044340959708,0.0,0.0007423904974016332,0.00033745022609165147,0.026996018087332117,0.026996018087332117,0.026996018087332117,0.004116892758318148,0.026996018087332117,0.0,0.026996018087332117,0.0005399203617466423,0.0066815144766146995,0.026996018087332117,0.026996018087332117,0.026996018087332117,0.02105689410811905,0.0002699601808733212,0.0010123506782749544,6.74900452183303e-05,0.017412431666329217,0.00033745022609165147,0.003441992306134845,0.0,0.009988526692312883,0.0,0.0,0.0,0.0053992036174664235,0.0001349800904366606,0.026996018087332117,0.004926773300938112,0.004251872848754809,6.74900452183303e-05,0.026996018087332117,0.00020247013565499088,0.026996018087332117,0.0019572113113315785,0.0006749004521833029,0.012013228048862793,0.0001349800904366606,0.0031045420800431935,0.004116892758318148,0.0007423904974016332,0.0006749004521833029,0.007423904974016332,0.0060066140244313965,0.026996018087332117,0.026996018087332117,0.008773705878382939,0.026996018087332117,0.0053992036174664235
D1_05_2023_01_07,0.0,0.02009898751350401,0.02009898751350401,0.02009898751350401,0.0,0.0023113835640529608,0.02009898751350401,5.0247468783760015e-05,0.0002512373439188001,0.02009898751350401,0.011556917820264804,0.02009898751350401,0.02009898751350401,0.00020098987513504006,0.0,0.013818053915534005,0.003617817752430721,0.010200236163103284,0.019596512825666407,0.0003014848127025601,0.0,0.00010049493756752003,0.0,0.00020098987513504006,0.004120292440268321,0.006682913348240082,0.02009898751350401,0.02009898751350401,0.0011054443132427203,0.00020098987513504006,0.0,0.02009898751350401,0.0005024746878376002,0.019043790669045046,0.02009898751350401,0.0010551968444589604,0.004823757003240962,0.016782654573775847,0.017787603949451048,0.02009898751350401,0.02009898751350401,0.005376479159862322,0.02009898751350401,0.02009898751350401,0.02009898751350401,0.02009898751350401,0.0003014848127025601,0.006934150692158882,0.0004019797502700801,0.0014069291259452806,0.0012059392508102405,0.02009898751350401,0.02009898751350401,0.02009898751350401,0.02009898751350401,0.02009898751350401,0.00015074240635128006,0.02009898751350401,0.0017084139386478406,0.005627716503781122,0.02009898751350401,0.02009898751350401,0.02009898751350401,0.016028942542019444,0.0006532170941888802,0.0012059392508102405,0.00020098987513504006,0.01964676029445017,0.0017084139386478406,0.003919302565133282,0.006381428535537522,0.007939100067834083,0.0,0.0,0.0,0.005376479159862322,0.0010049493756752004,0.02009898751350401,0.014220033665804085,0.0039695500339170416,0.0006029696254051202,0.02009898751350401,0.0010049493756752004,0.02009898751350401,0.007687862723915283,0.00035173228148632015,0.02009898751350401,0.0005024746878376002,0.014370776072155365,0.0020601462201341606,0.014571765947290405,0.0007537120317564003,0.02009898751350401,0.005527221566213602,0.02009898751350401,0.02009898751350401,0.02009898751350401,0.02009898751350401,0.009421400396955004
D2_10_2023_01_08,0.0,0.011770244821092278,0.011770244821092278,0.011770244821092278,0.0029719868173258,0.011770244821092278,0.011770244821092278,0.001942090395480226,0.004766949152542373,0.011770244821092278,0.011770244821092278,0.011770244821092278,0.011770244821092278,0.008798258003766478,0.0,0.011770244821092278,0.011770244821092278,0.011770244821092278,0.011770244821092278,0.011770244821092278,0.0012064500941619586,0.010210687382297553,0.00044138418079096045,0.010092984934086629,0.011770244821092278,0.011770244821092278,0.011770244821092278,0.011770244821092278,0.008209745762711865,0.011770244821092278,0.0005002354048964219,0.011770244821092278,0.009533898305084746,0.011770244821092278,0.011770244821092278,0.011770244821092278,0.011770244821092278,0.011770244821092278,0.011770244821092278,0.011770244821092278,0.011770244821092278,0.011770244821092278,0.011770244821092278,0.011770244821092278,0.011770244821092278,0.011770244821092278,0.011770244821092278,0.011770244821092278,0.0033545197740112993,0.011770244821092278,0.002324623352165725,0.011770244821092278,0.011770244821092278,0.011770244821092278,0.011770244821092278,0.011770244821092278,0.011770244821092278,0.011770244821092278,0.011770244821092278,0.006709039548022599,0.011770244821092278,0.011770244821092278,0.011770244821092278,0.0096810263653484,0.011770244821092278,0.006973870056497175,0.011770244821092278,0.011770244821092278,0.011770244821092278,0.011770244821092278,0.011770244821092278,0.011770244821092278,0.0033839453860640303,0.0006473634651600754,8.827683615819209e-05,0.011770244821092278,0.011770244821092278,0.011770244821092278,0.007150423728813559,0.011770244821092278,0.011770244821092278,0.011770244821092278,0.011770244821092278,0.011770244821092278,0.011770244821092278,0.011770244821092278,0.011770244821092278,0.006473634651600753,0.011770244821092278,0.011770244821092278,0.011770244821092278,0.011770244821092278,0.011770244821092278,0.011770244821092278,0.011770244821092278,0.011770244821092278,0.011770244821092278,0.011770244821092278,0.011770244821092278
D3_16_2023_01_09,8.921933085501858e-05,0.011895910780669145,0.011895910780669145,0.011895910780669145,0.00550185873605948,0.011895910780669145,0.011895910780669145,0.0016356877323420074,0.011895910780669145,0.011895910780669145,0.011895910780669145,0.011895910780669145,0.011895910780669145,0.011895910780669145,0.0,0.011895910780669145,0.011895910780669145,0.011895910780669145,0.011895910780669145,0.011895910780669145,0.0011895910780669145,0.010676579925650558,0.0006245353159851302,0.011895910780669145,0.011895910780669145,0.011895910780669145,0.011895910780669145,0.011895910780669145,0.005561338289962825,0.009724907063197025,0.0003271375464684015,0.011895910780669145,0.0044609665427509295,0.011895910780669145,0.011895910780669145,0.011895910780669145,0.011895910780669145,0.011895910780669145,0.011895910780669145,0.011895910780669145,0.011895910780669145,0.011895910780669145,0.011895910780669145,0.011895910780669145,0.011895910780669145,0.011895910780669145,0.011895910780669145,0.011895910780669145,0.002825278810408922,0.011895910780669145,0.0018141263940520446,0.011895910780669145,0.011895910780669145,0.011895910780669145,0.011895910780669145,0.011895910780669145,0.011895910780669145,0.011895910780669145,0.011895910780669145,0.0037174721189591076,0.011895910780669145,0.011895910780669145,0.011895910780669145,0.004907063197026022,0.011895910780669145,0.0030631970260223047,0.011895910780669145,0.011895910780669145,0.011895910780669145,0.011895910780669145,0.011895910780669145,0.011895910780669145,0.0038364312267657992,0.0009219330855018587,5.947955390334573e-05,0.011895910780669145,0.011895910780669145,0.011895910780669145,0.007226765799256505,0.011895910780669145,0.011895910780669145,0.011895910780669145,0.011895910780669145,0.011895910780669145,0.011895910780669145,0.011895910780669145,0.011895910780669145,0.008921933085501859,0.011895910780669145,0.006929368029739777,0.011895910780669145,0.011895910780669145,0.011895910780669145,0.011895910780669145,0.011895910780669145,0.011895910780669145,0.011895910780669145,0.011895910780669145,0.011895910780669145
D4_17_2023_01_10,0.0,0.013988948730502902,0.013988948730502902,0.013988948730502902,0.0014338672448765476,0.013988948730502902,0.013988948730502902,0.0006644750646988878,0.0017486185913128628,0.013988948730502902,0.013988948730502902,0.013988948730502902,0.013988948730502902,0.005070993914807302,0.0,0.013988948730502902,0.007274253339861509,0.013988948730502902,0.013988948730502902,0.005315800517591103,0.00020983423095754353,0.004231656990977128,6.994474365251452e-05,0.004406518850108414,0.00650486115968385,0.011435965587186124,0.013988948730502902,0.013988948730502902,0.0016437014758340911,0.0011191158984402323,3.497237182625726e-05,0.013988948730502902,0.00255298314331678,0.013988948730502902,0.013988948730502902,0.002622927886969294,0.013988948730502902,0.013988948730502902,0.013988948730502902,0.013988948730502902,0.013988948730502902,0.013988948730502902,0.013988948730502902,0.013988948730502902,0.013988948730502902,0.013988948730502902,0.00496607679932853,0.013988948730502902,0.0008743092956564314,0.01210044065188501,0.0009792264111352033,0.013988948730502902,0.013988948730502902,0.013988948730502902,0.013988948730502902,0.013988948730502902,0.007414142827166539,0.013988948730502902,0.013988948730502902,0.002832762117926838,0.013988948730502902,0.013988948730502902,0.013988948730502902,0.0033223753234944394,0.005315800517591103,0.004126739875498356,0.01098132475344478,0.013988948730502902,0.013988948730502902,0.0130097223193677,0.013988948730502902,0.013988948730502902,0.00017486185913128627,0.0005245855773938589,3.497237182625726e-05,0.013988948730502902,0.010351822060572148,0.013988948730502902,0.003147513464363153,0.013988948730502902,0.010141987829614604,0.013988948730502902,0.009267678533958172,0.013988948730502902,0.013988948730502902,0.007763866545429111,0.013988948730502902,0.0043365741064559,0.013988948730502902,0.006644750646988879,0.013988948730502902,0.013988948730502902,0.013988948730502902,0.013988948730502902,0.013988948730502902,0.013988948730502902,0.013988948730502902,0.013988948730502902,0.013988948730502902
D5_25_2023_01_04,0.0,0.012957983737730409,0.012957983737730409,0.012957983737730409,0.0021380673167255173,0.012957983737730409,0.012957983737730409,0.001392983251806019,0.0063494120314879,0.012957983737730409,0.012957983737730409,0.012957983737730409,0.012957983737730409,0.010722731542971913,0.0,0.012957983737730409,0.012957983737730409,0.012957983737730409,0.012957983737730409,0.009426933169198872,0.0001619747967216301,0.005766302763290032,0.00019436975606595613,0.00553953804787975,0.012957983737730409,0.012957983737730409,0.012957983737730409,0.012957983737730409,0.0025592017882017557,0.004502899348861317,0.0001619747967216301,0.012957983737730409,0.003109916097055298,0.012957983737730409,0.012957983737730409,0.012957983737730409,0.012957983737730409,0.012957983737730409,0.012957983737730409,0.012957983737730409,0.012957983737730409,0.012957983737730409,0.012957983737730409,0.012957983737730409,0.012957983737730409,0.012957983737730409,0.009005798697722634,0.012957983737730409,0.0007774790242638245,0.009815672681330784,0.0004535294308205643,0.012957983737730409,0.012957983737730409,0.012957983737730409,0.012957983737730409,0.012957983737730409,0.00602546243804464,0.012957983737730409,0.012957983737730409,0.002785966503612038,0.012957983737730409,0.012957983737730409,0.012957983737730409,0.001976092520003887,0.011014286177070847,0.0010690336583627587,0.012957983737730409,0.012957983737730409,0.012957983737730409,0.00887621886034533,0.012957983737730409,0.012957983737730409,0.0017817227639379313,0.0006478991868865204,6.478991868865204e-05,0.006543781787553857,0.012957983737730409,0.012957983737730409,0.006057857397388966,0.012957983737730409,0.012957983737730409,0.012957983737730409,0.012601639184942823,0.012957983737730409,0.012957983737730409,0.012957983737730409,0.012957983737730409,0.006900126340341443,0.012957983737730409,0.0063494120314879,0.012957983737730409,0.012957983737730409,0.012957983737730409,0.012957983737730409,0.012957983737730409,0.012957983737730409,0.012957983737730409,0.012957983737730409,0.012957983737730409
E1_05_2023_01_08,0.0,0.015193239008641155,0.015193239008641155,0.015193239008641155,0.0007216788529104548,0.007995442028297408,0.015193239008641155,0.00022789858512961732,0.0008356281454752635,0.015193239008641155,0.015193239008641155,0.015193239008641155,0.015193239008641155,0.0012534422182128952,0.0,0.015193239008641155,0.00763460260184218,0.015193239008641155,0.015193239008641155,0.0015952900959073212,0.0002658816826512202,0.0015952900959073212,0.0,0.0015952900959073212,0.014167695375557877,0.015193239008641155,0.015193239008641155,0.015193239008641155,0.003646377362073877,0.0009495774380400722,0.0,0.015193239008641155,0.0012154591206912924,0.015193239008641155,0.015193239008641155,0.006001329408413256,0.011660810939132087,0.015193239008641155,0.015193239008641155,0.015193239008641155,0.015193239008641155,0.014129712278036274,0.015193239008641155,0.015193239008641155,0.015193239008641155,0.015193239008641155,0.0015193239008641155,0.015193239008641155,0.001025543633083278,0.0032285632893362453,0.002392935143860982,0.015193239008641155,0.015193239008641155,0.015193239008641155,0.015193239008641155,0.015193239008641155,0.0019371379736017472,0.015193239008641155,0.012344506694520939,0.004482005507549141,0.015193239008641155,0.015193239008641155,0.015193239008641155,0.011242996866394454,0.003342512581901054,0.0032665463868578482,0.003000664704206628,0.015193239008641155,0.00828031525970943,0.00828031525970943,0.015193239008641155,0.015193239008641155,3.7983097521602886e-05,3.7983097521602886e-05,0.0,0.015193239008641155,0.003380495679422657,0.015193239008641155,0.011774760231696895,0.015193239008641155,0.005469566043110816,0.015193239008641155,0.0045199886050707435,0.015193239008641155,0.015193239008641155,0.002392935143860982,0.015193239008641155,0.0011015098281264837,0.015193239008641155,0.005355616750546007,0.015193239008641155,0.00565948153071883,0.015193239008641155,0.015193239008641155,0.015193239008641155,0.015193239008641155,0.015193239008641155,0.015193239008641155,0.015193239008641155
E2_10_2023_01_09,3.0103254161774888e-05,0.012041301664709955,0.012041301664709955,0.012041301664709955,0.009091182756856017,0.012041301664709955,0.012041301664709955,0.0037027002618983114,0.012041301664709955,0.012041301664709955,0.012041301664709955,0.012041301664709955,0.012041301664709955,0.012041301664709955,0.00012041301664709955,0.012041301664709955,0.012041301664709955,0.012041301664709955,0.012041301664709955,0.012041301664709955,0.0004816520665883982,0.0015653692164122942,0.006381889882296276,0.012041301664709955,0.012041301664709955,0.012041301664709955,0.012041301664709955,0.012041301664709955,0.0009934073873385713,0.011288720310665582,0.0015051627080887443,0.012041301664709955,0.008459014419458743,0.012041301664709955,0.012041301664709955,0.012041301664709955,0.012041301664709955,0.012041301664709955,0.012041301664709955,0.012041301664709955,0.012041301664709955,0.012041301664709955,0.012041301664709955,0.012041301664709955,0.012041301664709955,0.012041301664709955,0.012041301664709955,0.012041301664709955,0.0011138204039856708,0.012041301664709955,0.0007525813540443722,0.012041301664709955,0.012041301664709955,0.012041301664709955,0.012041301664709955,0.012041301664709955,0.012041301664709955,0.012041301664709955,0.012041301664709955,0.00135464643727987,0.012041301664709955,0.012041301664709955,0.012041301664709955,0.0024985700954273157,0.012041301664709955,0.000541858574911948,0.012041301664709955,0.012041301664709955,0.012041301664709955,0.012041301664709955,0.012041301664709955,0.012041301664709955,0.012041301664709955,0.0014750594539269695,0.0006622715915590475,0.003732803516060086,0.012041301664709955,0.012041301664709955,0.003793010024383636,0.012041301664709955,0.012041301664709955,0.012041301664709955,0.012041301664709955,0.012041301664709955,0.012041301664709955,0.012041301664709955,0.012041301664709955,0.01083717149823896,0.012041301664709955,0.002438363587103766,0.012041301664709955,0.012041301664709955,0.012041301664709955,0.012041301664709955,0.012041301664709955,0.012041301664709955,0.012041301664709955,0.012041301664709955,0.012041301664709955
E3_16_2023_01_10,0.0,0.012347203358439314,0.012347203358439314,0.012347203358439314,0.004290653167057661,0.012347203358439314,0.012347203358439314,0.0014507963946166194,0.00861217434251142,0.012347203358439314,0.012347203358439314,0.012347203358439314,0.012347203358439314,0.010309914804296827,0.0,0.012347203358439314,0.012347203358439314,0.012347203358439314,0.012347203358439314,0.010217310779108531,0.0009569082602790468,0.005309297444128905,0.0005247561427336708,0.007408322015063588,0.012347203358439314,0.012347203358439314,0.012347203358439314,0.012347203358439314,0.004599333251018644,0.007778738115816767,0.000432152117545376,0.012347203358439314,0.0033337449067786145,0.012347203358439314,0.012347203358439314,0.012347203358439314,0.012347203358439314,0.012347203358439314,0.012347203358439314,0.012347203358439314,0.012347203358439314,0.012347203358439314,0.012347203358439314,0.012347203358439314,0.012347203358439314,0.012347203358439314,0.012347203358439314,0.012347203358439314,0.0025311766884800594,0.012347203358439314,0.0013273243610322262,0.012347203358439314,0.012347203358439314,0.012347203358439314,0.012347203358439314,0.012347203358439314,0.012347203358439314,0.012347203358439314,0.012347203358439314,0.0046919372762069395,0.012347203358439314,0.012347203358439314,0.012347203358439314,0.00432152117545376,0.011112483022595382,0.0036424249907395976,0.012347203358439314,0.012347203358439314,0.012347203358439314,0.012347203358439314,0.012347203358439314,0.012347203358439314,0.0025311766884800594,0.0010495122854673417,0.00015434004198049142,0.012347203358439314,0.012347203358439314,0.012347203358439314,0.007470058031855784,0.012347203358439314,0.012347203358439314,0.012347203358439314,0.012347203358439314,0.012347203358439314,0.012347203358439314,0.007346585998271392,0.012347203358439314,0.0046919372762069395,0.012347203358439314,0.007253981973083096,0.012347203358439314,0.012347203358439314,0.012347203358439314,0.012347203358439314,0.012347203358439314,0.012347203358439314,0.012347203358439314,0.012347203358439314,0.012347203358439314
E4_19_2023_01_04,0.0,0.014689141052476956,0.014689141052476956,0.014689141052476956,0.0005508427894678859,0.014689141052476956,0.014689141052476956,7.344570526238479e-05,0.0014321912526165032,0.014689141052476956,0.014689141052476956,0.014689141052476956,0.014689141052476956,0.0006977341999926555,0.0,0.014689141052476956,0.011788035694612757,0.014689141052476956,0.014689141052476956,0.0014321912526165032,7.344570526238479e-05,0.0015423598105100804,0.0,0.001211854136829349,0.012485769894605413,0.011898204252506334,0.014689141052476956,0.014689141052476956,0.002901105357864199,0.000661011347361463,0.0,0.014689141052476956,0.0025705996841834675,0.014689141052476956,0.014689141052476956,0.005949102126253167,0.014395358231427418,0.014689141052476956,0.014689141052476956,0.014689141052476956,0.014689141052476956,0.014689141052476956,0.014689141052476956,0.014689141052476956,0.014689141052476956,0.014689141052476956,0.0020197568947155813,0.014689141052476956,0.001138408431566964,0.004259850905218318,0.0015423598105100804,0.014689141052476956,0.014689141052476956,0.014689141052476956,0.014689141052476956,0.014689141052476956,0.0019095883368220044,0.014689141052476956,0.01443208108405861,0.006316330652565092,0.014689141052476956,0.014689141052476956,0.014689141052476956,0.011420807168300833,0.004039513789431163,0.001983034042084389,0.00569204215783482,0.014689141052476956,0.01259593845249899,0.009805001652528369,0.014689141052476956,0.014689141052476956,3.6722852631192394e-05,0.0,0.0,0.014689141052476956,0.007014064852557747,0.014689141052476956,0.008629870368330211,0.014689141052476956,0.009694833094634791,0.014689141052476956,0.007234401968344901,0.014689141052476956,0.014689141052476956,0.001983034042084389,0.014689141052476956,0.000844625610517425,0.014689141052476956,0.006206162094671514,0.014689141052476956,0.0036355624104880465,0.014689141052476956,0.014689141052476956,0.014689141052476956,0.014689141052476956,0.014689141052476956,0.014689141052476956,0.014689141052476956
E5_25_2023_01_05,0.0,0.012630648268022356,0.012630648268022356,0.012630648268022356,0.001705137516183018,0.012630648268022356,0.012630648268022356,0.0027787426189649182,0.0038839243424168743,0.012630648268022356,0.012630648268022356,0.012630648268022356,0.012630648268022356,0.01076762764848906,0.0,0.012630648268022356,0.012630648268022356,0.012630648268022356,0.012630648268022356,0.012567495026682245,0.00018945972402033533,0.005494331996589725,0.00022103634469039122,0.008525687580915091,0.012630648268022356,0.012630648268022356,0.012630648268022356,0.012630648268022356,0.0026208595156146388,0.0056522150999400046,9.472986201016767e-05,0.012630648268022356,0.00230509330891408,0.012630648268022356,0.012630648268022356,0.012630648268022356,0.012630648268022356,0.012630648268022356,0.012630648268022356,0.012630648268022356,0.012630648268022356,0.012630648268022356,0.012630648268022356,0.012630648268022356,0.012630648268022356,0.012630648268022356,0.0071047396507625754,0.012630648268022356,0.0011051817234519561,0.012630648268022356,0.0011051817234519561,0.012630648268022356,0.012630648268022356,0.012630648268022356,0.012630648268022356,0.012630648268022356,0.006662666961381793,0.012630648268022356,0.012630648268022356,0.002557706274274527,0.012630648268022356,0.012630648268022356,0.012630648268022356,0.0053996021345795574,0.011336006820550065,0.0035681581357163154,0.012630648268022356,0.012630648268022356,0.012630648268022356,0.012630648268022356,0.012630648268022356,0.012630648268022356,0.0006315324134011178,0.0005368025513909501,6.315324134011178e-05,0.012441188544002021,0.010704474407148947,0.012630648268022356,0.006662666961381793,0.012630648268022356,0.012630648268022356,0.012630648268022356,0.012630648268022356,0.012630648268022356,0.012630648268022356,0.012630648268022356,0.012630648268022356,0.006283747513341122,0.012630648268022356,0.00814676813287442,0.012630648268022356,0.012630648268022356,0.012630648268022356,0.012630648268022356,0.012630648268022356,0.012630648268022356,0.012630648268022356,0.012630648268022356,0.012630648268022356
F1_05_2023_01_09,0.0,0.18823529411764706,0.013176470588235295,0.001411764705882353,0.0,0.0,0.0037647058823529413,0.0,0.00047058823529411766,0.014588235294117647,0.00047058823529411766,0.002352941176470588,0.0018823529411764706,0.0,0.0,0.0009411764705882353,0.00047058823529411766,0.00047058823529411766,0.0009411764705882353,0.0,0.0,0.0,0.0,0.0,0.0009411764705882353,0.0037647058823529413,0.0032941176470588237,0.02258823529411765,0.0,0.0,0.0,0.002352941176470588,0.00047058823529411766,0.00047058823529411766,0.00047058823529411766,0.0,0.0009411764705882353,0.00047058823529411766,0.00047058823529411766,0.020705882352941178,0.0018823529411764706,0.0018823529411764706,0.001411764705882353,0.09505882352941177,0.013647058823529411,0.00988235294117647,0.00047058823529411766,0.0009411764705882353,0.0,0.0,0.0,0.128,0.017411764705882352,0.008,0.00047058823529411766,0.023529411764705882,0.00047058823529411766,0.15058823529411763,0.00047058823529411766,0.0,0.00611764705882353,0.004705882352941176,0.0018823529411764706,0.002823529411764706,0.0,0.0,0.0,0.001411764705882353,0.00047058823529411766,0.00047058823529411766,0.001411764705882353,0.0,0.0,0.0,0.0,0.0,0.0,0.020705882352941178,0.0,0.00047058823529411766,0.0,0.00047058823529411766,0.00047058823529411766,0.008,0.0,0.00047058823529411766,0.0009411764705882353,0.0,0.0,0.0,0.002352941176470588,0.0,0.0009411764705882353,0.0,0.0042352941176470585,0.18823529411764706,0.0009411764705882353,0.010823529411764706,0.001411764705882353
F2_10_2023_01_10,0.0,0.011536021226279057,0.011536021226279057,0.011536021226279057,0.006979292841898829,0.011536021226279057,0.011536021226279057,0.0021918440329930207,0.011016900271096499,0.011536021226279057,0.011536021226279057,0.011536021226279057,0.011536021226279057,0.011536021226279057,0.0,0.011536021226279057,0.011536021226279057,0.011536021226279057,0.011536021226279057,0.011536021226279057,0.0017304031839418584,0.010699659687373825,0.0014996827594162773,0.011536021226279057,0.011536021226279057,0.011536021226279057,0.011536021226279057,0.011536021226279057,0.006460171886716271,0.011536021226279057,0.0006921612735767433,0.011536021226279057,0.0071811732133587125,0.011536021226279057,0.011536021226279057,0.011536021226279057,0.011536021226279057,0.011536021226279057,0.011536021226279057,0.011536021226279057,0.011536021226279057,0.011536021226279057,0.011536021226279057,0.011536021226279057,0.011536021226279057,0.011536021226279057,0.011536021226279057,0.011536021226279057,0.00305704562496395,0.011536021226279057,0.0024514045105842996,0.011536021226279057,0.011536021226279057,0.011536021226279057,0.011536021226279057,0.011536021226279057,0.011536021226279057,0.011536021226279057,0.011536021226279057,0.005796850666205226,0.011536021226279057,0.011536021226279057,0.011536021226279057,0.008507815654380805,0.011536021226279057,0.0055084501355482495,0.011536021226279057,0.011536021226279057,0.011536021226279057,0.011536021226279057,0.011536021226279057,0.011536021226279057,0.007267693372555805,0.0016727230778104632,5.768010613139528e-05,0.011536021226279057,0.011536021226279057,0.011536021226279057,0.008392455442118014,0.011536021226279057,0.011536021226279057,0.011536021226279057,0.011536021226279057,0.011536021226279057,0.011536021226279057,0.011536021226279057,0.011536021226279057,0.010353579050585452,0.011536021226279057,0.010209378785256965,0.011536021226279057,0.011536021226279057,0.011536021226279057,0.011536021226279057,0.011536021226279057,0.011536021226279057,0.011536021226279057,0.011536021226279057,0.011536021226279057
F3_17_2023_01_04,0.0,0.020602626834921454,0.020602626834921454,0.015709502961627608,0.0001545197012619109,0.0,0.018490857584342005,0.0,5.1506567087303634e-05,0.014782384754056143,0.00808653103270667,0.020602626834921454,0.020602626834921454,0.001390677311357198,0.0,0.014730878186968839,0.0032964202935874326,0.0073654390934844195,0.019057429822302345,0.0007725985063095545,5.1506567087303634e-05,0.000978624774658769,0.0,0.0,0.0021632758176667525,0.0008241050733968581,0.020602626834921454,0.020602626834921454,0.0001545197012619109,0.0005150656708730364,0.0,0.020602626834921454,0.0003090394025238218,0.020602626834921454,0.011640484161730622,0.0031419005923255215,0.0037599793973731653,0.018387844450167397,0.019778521761524594,0.020602626834921454,0.020602626834921454,0.006644347154262168,0.015194437290754571,0.020602626834921454,0.020602626834921454,0.020602626834921454,0.0007210919392222508,0.009013649240278136,0.0002575328354365182,0.0007725985063095545,0.0002575328354365182,0.020602626834921454,0.020602626834921454,0.020602626834921454,0.020602626834921454,0.020602626834921454,0.0013391707442698944,0.020602626834921454,0.0073654390934844195,0.0010301313417460727,0.020602626834921454,0.020602626834921454,0.020602626834921454,0.0016997167138810198,0.0012876641771825909,0.0016482101467937163,0.0030388874581509144,0.01545197012619109,0.003811485964460469,0.00468709760494463,0.018645377285603913,0.01261910893638939,0.0,5.1506567087303634e-05,0.0,0.006335307751738347,0.0016482101467937163,0.020602626834921454,0.0007210919392222508,0.0035539531290239507,0.0024208086531032707,0.020602626834921454,0.0014421838784445017,0.020602626834921454,0.011279938192119495,0.000978624774658769,0.014164305949008499,0.0007725985063095545,0.015812516095802216,0.003090394025238218,0.020602626834921454,0.005511202678341489,0.01854236415142931,0.013082668040175122,0.020602626834921454,0.020602626834921454,0.020602626834921454,0.020602626834921454,0.011434457893381406
F4_19_2023_01_05,0.0,0.020756038710012196,0.020756038710012196,0.020756038710012196,5.189009677503049e-05,0.005137119580728018,0.020756038710012196,0.0,0.0005189009677503049,0.020756038710012196,0.011571491580831799,0.020756038710012196,0.018524764548685884,5.189009677503049e-05,0.0,0.015515138935734115,0.002490724645201463,0.014114106322808292,0.010429909451781127,0.00015567029032509145,0.0,0.0003113405806501829,0.0,0.00020756038710012195,0.0022831642581013414,0.011312041096956646,0.020756038710012196,0.020756038710012196,0.0005707910645253353,5.189009677503049e-05,0.0,0.020756038710012196,0.00025945048387515245,0.020756038710012196,0.020756038710012196,0.0012972524193757622,0.002023713774226189,0.018887995226111096,0.011882832161481982,0.020756038710012196,0.020756038710012196,0.007783514516254573,0.020756038710012196,0.020756038710012196,0.020756038710012196,0.020756038710012196,0.0,0.007575954129154451,0.00020756038710012195,0.0015567029032509145,0.0013491425161507927,0.020756038710012196,0.020756038710012196,0.020756038710012196,0.020756038710012196,0.020756038710012196,0.00010378019355006097,0.020756038710012196,0.0013491425161507927,0.007835404613029603,0.020756038710012196,0.020756038710012196,0.020756038710012196,0.020652258516462133,0.0004670108709752744,0.0009340217419505488,0.0,0.019666346677736556,0.0013491425161507927,0.0043068780323275305,0.0018680434839010976,0.009911008484030823,0.0,0.0,0.0,0.004981449290402926,0.0003632306774252134,0.020756038710012196,0.00975533819370573,0.0036841968710271643,0.0007264613548504268,0.020756038710012196,0.0005707910645253353,0.020756038710012196,0.008302415484004878,0.0005707910645253353,0.020756038710012196,0.00015567029032509145,0.013283864774407805,0.004047427548452378,0.005552240354928262,0.0008302415484004878,0.018887995226111096,0.0035804166774771034,0.020756038710012196,0.020756038710012196,0.018628544742235943,0.020756038710012196,0.006564097242041356
F5_25_2023_01_06,0.0,0.030993336432666975,0.010847667751433442,0.030993336432666975,0.0,0.010460251046025104,0.010537734387106772,0.0,7.748334108166744e-05,0.030993336432666975,0.001549666821633349,0.030993336432666975,0.0008523167518983419,0.0001549666821633349,0.0,0.013094684642801798,7.748334108166744e-05,0.015341701534170154,0.0003099333643266698,0.00046490004649000463,0.0,0.00023245002324500232,7.748334108166744e-05,7.748334108166744e-05,0.00023245002324500232,0.0064311173097783975,0.02967611963427863,0.030993336432666975,0.00023245002324500232,0.00023245002324500232,0.0,0.030993336432666975,0.0,0.02572446923911359,0.001549666821633349,0.0023245002324500234,0.0003099333643266698,0.025337052533705252,0.00023245002324500232,0.030993336432666975,0.003099333643266698,0.011390051139005115,0.0016271501627150163,0.030993336432666975,0.030993336432666975,0.030993336432666975,0.0,0.019603285293661864,0.0,0.0020920502092050207,7.748334108166744e-05,0.030993336432666975,0.030141019680768634,0.028436386176971952,0.001394700139470014,0.030993336432666975,0.0,0.030993336432666975,0.0001549666821633349,0.003099333643266698,0.02185030218503022,0.0299860529986053,0.02789400278940028,0.005578800557880056,7.748334108166744e-05,0.001239733457306679,0.0,0.018673485200681853,7.748334108166744e-05,0.004649000464900047,0.00023245002324500232,0.007438400743840074,0.0,0.0,0.0,0.011235084456841779,0.0,0.030993336432666975,0.0017046335037966837,0.012707267937393461,7.748334108166744e-05,0.030993336432666975,0.0,0.030993336432666975,0.0,0.0006198667286533395,0.0031768169843483652,0.00046490004649000463,0.0017046335037966837,0.004261583759491709,0.0003099333643266698,0.001549666821633349,0.001549666821633349,0.00604370060437006,0.0166589183325585,0.030993336432666975,0.0031768169843483652,0.030993336432666975,0.0016271501627150163
G1_05_2023_01_10,0.0,0.01381406271584473,0.01381406271584473,0.01381406271584473,0.0015540820555325322,0.01381406271584473,0.01381406271584473,0.00020721094073767094,0.0012778008012156376,0.01381406271584473,0.01381406271584473,0.01381406271584473,0.01381406271584473,0.0008633789197402956,0.0,0.01381406271584473,0.01381406271584473,0.01381406271584473,0.01381406271584473,0.0016922226826909794,0.0002762812543168946,0.002382925818483216,0.0,0.002728277386379334,0.013503246304738224,0.01381406271584473,0.01381406271584473,0.01381406271584473,0.0051112032048625505,0.0017267578394805911,3.4535156789611825e-05,0.01381406271584473,0.0017267578394805911,0.01381406271584473,0.01381406271584473,0.0070106368282912,0.01381406271584473,0.01381406271584473,0.01381406271584473,0.01381406271584473,0.01381406271584473,0.01381406271584473,0.01381406271584473,0.01381406271584473,0.01381406271584473,0.01381406271584473,0.0034880508357507944,0.01381406271584473,0.002210250034535157,0.005456554772758668,0.0024865312888520514,0.01381406271584473,0.01381406271584473,0.01381406271584473,0.01381406271584473,0.01381406271584473,0.004247824285122255,0.01381406271584473,0.01381406271584473,0.00587097665423401,0.01381406271584473,0.01381406271584473,0.01381406271584473,0.010705898604779666,0.0074595938665561546,0.0022447851913247685,0.010118800939356265,0.01381406271584473,0.013468711147948611,0.009428097803564028,0.01381406271584473,0.01381406271584473,0.0001381406271584473,0.00017267578394805912,0.0,0.01381406271584473,0.010498687664041995,0.01381406271584473,0.013434175991159,0.01381406271584473,0.013123359580052493,0.01381406271584473,0.010498687664041995,0.01381406271584473,0.01381406271584473,0.0031081641110650643,0.01381406271584473,0.0013468711147948613,0.01381406271584473,0.00835750794308606,0.01381406271584473,0.0070106368282912,0.01381406271584473,0.01381406271584473,0.01381406271584473,0.01381406271584473,0.01381406271584473,0.01381406271584473,0.01381406271584473
G2_16_2023_01_04,3.1334210691232685e-05,0.012533684276493075,0.012533684276493075,0.012533684276493075,0.0031647552798145014,0.012533684276493075,0.012533684276493075,0.0008460236886632825,0.004856802657141067,0.012533684276493075,0.012533684276493075,0.012533684276493075,0.012533684276493075,0.005076142131979695,0.0,0.012533684276493075,0.012533684276493075,0.012533684276493075,0.012533684276493075,0.004794134235758601,0.0005326815817509557,0.0036661026508742244,6.266842138246537e-05,0.00419878423262518,0.012533684276493075,0.012157673748198284,0.012533684276493075,0.012533684276493075,0.004731465814376136,0.005420818449583255,9.400263207369807e-05,0.012533684276493075,0.003697436861565457,0.012533684276493075,0.012533684276493075,0.012533684276493075,0.012533684276493075,0.012533684276493075,0.012533684276493075,0.012533684276493075,0.012533684276493075,0.012533684276493075,0.012533684276493075,0.012533684276493075,0.012533684276493075,0.012533684276493075,0.009149589521839944,0.012533684276493075,0.0023187315911512188,0.008930250047001317,0.0020680579056213573,0.012533684276493075,0.012533684276493075,0.012533684276493075,0.012533684276493075,0.012533684276493075,0.011092310584696372,0.012533684276493075,0.012533684276493075,0.006956194773453657,0.012533684276493075,0.012533684276493075,0.012533684276493075,0.012126339537507051,0.01165632637713856,0.007958889515573104,0.012533684276493075,0.012533684276493075,0.012533684276493075,0.012533684276493075,0.012533684276493075,0.012533684276493075,0.0011907000062668421,0.0003133421069123269,0.0,0.012533684276493075,0.012533684276493075,0.012533684276493075,0.009964278999811995,0.012533684276493075,0.012533684276493075,0.012533684276493075,0.012533684276493075,0.012533684276493075,0.012533684276493075,0.008303565833176662,0.012533684276493075,0.003854107915021621,0.012533684276493075,0.011029642163313907,0.012533684276493075,0.012533684276493075,0.012533684276493075,0.012533684276493075,0.012533684276493075,0.012533684276493075,0.012533684276493075,0.012533684276493075,0.012533684276493075
G3_17_2023_01_05,0.0,0.020007002450857802,0.020007002450857802,0.020007002450857802,0.000200070024508578,0.003801330465662982,0.020007002450857802,0.0,0.0006502275796528785,0.020007002450857802,0.006402240784274496,0.020007002450857802,0.020007002450857802,0.0004501575551443005,0.0,0.011954183964387535,0.002200770269594358,0.016155654479067673,0.016605812034211975,0.0008502976041614565,0.0,0.0004501575551443005,0.0,0.000600210073525734,0.00300105036762867,0.004151453008552994,0.020007002450857802,0.020007002450857802,0.000600210073525734,0.0001500525183814335,0.0,0.020007002450857802,0.0002500875306357225,0.018606512279297754,0.011103886360226078,0.000800280098034312,0.004651628069824438,0.013154604111439004,0.014305006752363326,0.020007002450857802,0.020007002450857802,0.0050517681188415944,0.020007002450857802,0.020007002450857802,0.020007002450857802,0.020007002450857802,0.0004501575551443005,0.009353273645776022,0.0002500875306357225,0.001100385134797179,0.000400140049017156,0.020007002450857802,0.020007002450857802,0.020007002450857802,0.020007002450857802,0.020007002450857802,0.0010503676286700346,0.020007002450857802,0.006102135747511629,0.0012504376531786126,0.020007002450857802,0.020007002450857802,0.020007002450857802,0.0037513129595358376,0.0027009453308658032,0.001100385134797179,0.0008502976041614565,0.016255689491321963,0.0018506477267043466,0.005351873155604462,0.006802380833291652,0.01255439403791327,5.00175061271445e-05,5.00175061271445e-05,0.0,0.00810283599259741,0.0029010153553743812,0.020007002450857802,0.0008502976041614565,0.0035512429350272596,0.005351873155604462,0.020007002450857802,0.0033011554043915372,0.020007002450857802,0.013204621617566149,0.000700245085780023,0.020007002450857802,0.000100035012254289,0.020007002450857802,0.0022507877757215024,0.020007002450857802,0.0022507877757215024,0.020007002450857802,0.010453658780573201,0.020007002450857802,0.020007002450857802,0.020007002450857802,0.01965687990796779,0.01965687990796779
G4_19_2023_01_06,0.0,0.12084592145015106,0.019939577039274924,0.0006042296072507553,0.0,0.0,0.002719033232628399,0.0,0.0,0.03081570996978852,0.0,0.00392749244712991,0.0006042296072507553,0.0,0.0,0.0012084592145015106,0.0,0.0009063444108761329,0.0006042296072507553,0.0,0.0,0.0,0.0,0.0,0.0009063444108761329,0.0006042296072507553,0.006042296072507553,0.03897280966767372,0.0,0.0,0.0,0.0012084592145015106,0.0,0.0006042296072507553,0.0006042296072507553,0.0,0.00030211480362537764,0.00030211480362537764,0.0,0.02447129909365559,0.0015105740181268882,0.0006042296072507553,0.0009063444108761329,0.12084592145015106,0.07250755287009064,0.010574018126888218,0.0,0.0006042296072507553,0.0,0.0,0.0,0.12084592145015106,0.030513595166163143,0.006344410876132931,0.0012084592145015106,0.036858006042296075,0.0006042296072507553,0.12084592145015106,0.00030211480362537764,0.0009063444108761329,0.0030211480362537764,0.006646525679758308,0.005438066465256798,0.0036253776435045317,0.00030211480362537764,0.0,0.0,0.0015105740181268882,0.0,0.00030211480362537764,0.0,0.0006042296072507553,0.0,0.0,0.0,0.00030211480362537764,0.0,0.02688821752265861,0.0012084592145015106,0.0,0.0,0.002416918429003021,0.00030211480362537764,0.018731117824773415,0.0006042296072507553,0.0,0.0018126888217522659,0.0,0.0,0.0006042296072507553,0.00030211480362537764,0.00030211480362537764,0.0018126888217522659,0.00030211480362537764,0.006948640483383686,0.12084592145015106,0.00030211480362537764,0.012386706948640483,0.00030211480362537764
G5_25_2023_01_07,0.0,0.03785011355034065,0.01797880393641181,0.03785011355034065,0.0,0.0021763815291445873,0.009084027252081756,0.0,9.462528387585163e-05,0.03785011355034065,0.00047312641937925814,0.03785011355034065,0.0003785011355034065,0.00018925056775170325,0.0,0.01457229371688115,9.462528387585163e-05,0.018262679788039363,0.0005677517032551098,9.462528387585163e-05,0.0,0.0002838758516275549,0.0,0.0002838758516275549,0.0002838758516275549,0.005109765329295988,0.019965934897804693,0.03785011355034065,0.0,0.0003785011355034065,0.0,0.03785011355034065,0.0,0.016559424678274034,0.0013247539742619228,0.0009462528387585163,9.462528387585163e-05,0.02157456472369417,0.0002838758516275549,0.03785011355034065,0.002838758516275549,0.006434519303557911,0.0009462528387585163,0.03785011355034065,0.03785011355034065,0.03217259651778955,0.0,0.007096896290688872,0.0,0.0011355034065102195,9.462528387585163e-05,0.03785011355034065,0.012963663890991673,0.02214231642694928,0.0005677517032551098,0.03785011355034065,0.0,0.03785011355034065,0.00018925056775170325,0.0035011355034065103,0.00936790310370931,0.03785011355034065,0.009651778955336867,0.010030280090840272,0.0,0.0009462528387585163,0.0,0.017789553368660106,0.0,0.006339894019682059,9.462528387585163e-05,0.007002271006813021,0.0,0.0,0.0,0.007853898561695685,0.0,0.03785011355034065,0.0009462528387585163,0.0035011355034065103,0.0,0.03785011355034065,9.462528387585163e-05,0.03785011355034065,0.00018925056775170325,0.00018925056775170325,0.001514004542013626,0.0,0.0003785011355034065,0.002838758516275549,0.0002838758516275549,0.0006623769871309614,0.0009462528387585163,0.005582891748675246,0.009935654806964421,0.03785011355034065,0.0003785011355034065,0.03785011355034065,0.001040878122634368
H1_10_2023_01_04,0.0,0.011827321111768185,0.011827321111768185,0.011827321111768185,0.003725606150206978,0.011827321111768185,0.011827321111768185,0.0008870490833826139,0.004523950325251331,0.011827321111768185,0.011827321111768185,0.011827321111768185,0.011827321111768185,0.010053222945002957,0.0,0.011827321111768185,0.011827321111768185,0.011827321111768185,0.011827321111768185,0.00836782968657599,0.0014192785334121822,0.009107037256061502,0.00020697811945594323,0.0063571850975754,0.011827321111768185,0.011827321111768185,0.011827321111768185,0.011827321111768185,0.009550561797752809,0.006268480189237138,0.00020697811945594323,0.011827321111768185,0.00641632170313424,0.011827321111768185,0.011827321111768185,0.011827321111768185,0.011827321111768185,0.011827321111768185,0.011827321111768185,0.011827321111768185,0.011827321111768185,0.011827321111768185,0.011827321111768185,0.011827321111768185,0.011827321111768185,0.011827321111768185,0.011827321111768185,0.011827321111768185,0.005263157894736842,0.011827321111768185,0.0044943820224719105,0.011827321111768185,0.011827321111768185,0.011827321111768185,0.011827321111768185,0.011827321111768185,0.011827321111768185,0.011827321111768185,0.011827321111768185,0.009166173861620342,0.011827321111768185,0.011827321111768185,0.011827321111768185,0.011502069781194559,0.011827321111768185,0.005854523950325251,0.011827321111768185,0.011827321111768185,0.011827321111768185,0.011827321111768185,0.011827321111768185,0.011827321111768185,0.0023950325251330573,0.0005322294500295684,2.956830277942046e-05,0.011827321111768185,0.011827321111768185,0.011827321111768185,0.011827321111768185,0.011827321111768185,0.011827321111768185,0.011827321111768185,0.011827321111768185,0.011827321111768185,0.011827321111768185,0.011827321111768185,0.011827321111768185,0.0066232998225901835,0.011827321111768185,0.011827321111768185,0.011827321111768185,0.011827321111768185,0.011827321111768185,0.011827321111768185,0.011827321111768185,0.011827321111768185,0.011827321111768185,0.011827321111768185,0.011827321111768185
H2_16_2023_01_05,0.0,0.01374192661811186,0.01374192661811186,0.01374192661811186,0.0008245155970867115,0.01374192661811186,0.01374192661811186,0.00024048371581695754,0.0014772571114470248,0.01374192661811186,0.01374192661811186,0.01374192661811186,0.01374192661811186,0.001374192661811186,0.0,0.01374192661811186,0.01374192661811186,0.01374192661811186,0.01374192661811186,0.002542256424350694,0.00017177408272639824,0.0022330630754431773,0.0,0.0010306444963583896,0.01374192661811186,0.012470798405936512,0.01374192661811186,0.01374192661811186,0.004431771334341075,0.0015459667445375841,3.435481654527965e-05,0.01374192661811186,0.003126288305620448,0.01374192661811186,0.01374192661811186,0.011921121341212038,0.01374192661811186,0.01374192661811186,0.01374192661811186,0.01374192661811186,0.01374192661811186,0.01374192661811186,0.01374192661811186,0.01374192661811186,0.01374192661811186,0.01374192661811186,0.004603545417067473,0.01374192661811186,0.0015459667445375841,0.005290641747973066,0.0017520956438092621,0.01374192661811186,0.01374192661811186,0.01374192661811186,0.01374192661811186,0.01374192661811186,0.0049470935825202695,0.01374192661811186,0.01374192661811186,0.006596124776693692,0.01374192661811186,0.01374192661811186,0.01374192661811186,0.010065961247766937,0.00676789885942009,0.0029888690394393293,0.012402088772845953,0.01374192661811186,0.01374192661811186,0.012058540607393156,0.01374192661811186,0.01374192661811186,0.00020612889927167788,0.00020612889927167788,3.435481654527965e-05,0.01374192661811186,0.010856122028308369,0.01374192661811186,0.010512573862855572,0.01374192661811186,0.01374192661811186,0.01374192661811186,0.009413219733406624,0.01374192661811186,0.01374192661811186,0.003538546104163804,0.01374192661811186,0.001271128212175347,0.01374192661811186,0.007867252988869039,0.01374192661811186,0.005393706197608905,0.01374192661811186,0.01374192661811186,0.01374192661811186,0.01374192661811186,0.01374192661811186,0.01374192661811186,0.01374192661811186
H3_17_2023_01_06,0.0,0.017432991937241227,0.017432991937241227,0.017432991937241227,8.716495968620615e-05,0.005273480061015472,0.017432991937241227,4.3582479843103074e-05,0.0001743299193724123,0.017432991937241227,0.01643059490084986,0.017432991937241227,0.017432991937241227,0.0006973196774896492,0.0,0.01734582697755502,0.009152320767051645,0.012900414033558509,0.017432991937241227,0.0008280671170189584,8.716495968620615e-05,0.0011331444759206798,0.0,0.0006537371976465461,0.005273480061015472,0.005011985181956853,0.017432991937241227,0.017432991937241227,0.002876443669644803,0.00026149487905861846,0.0,0.017432991937241227,0.0010459795162344738,0.017432991937241227,0.017432991937241227,0.0022662889518413596,0.007278274133798213,0.017432991937241227,0.017432991937241227,0.017432991937241227,0.017432991937241227,0.007844846371758554,0.017432991937241227,0.017432991937241227,0.017432991937241227,0.017432991937241227,0.0003050773589017215,0.012943996513401612,0.00039224231858792763,0.002484201351056875,0.0004794072782741338,0.017432991937241227,0.017432991937241227,0.017432991937241227,0.017432991937241227,0.017432991937241227,0.0010895619960775767,0.017432991937241227,0.005796469819132709,0.0025713663107430813,0.017432991937241227,0.017432991937241227,0.017432991937241227,0.006711701895837873,0.002527783830899978,0.001220309435606886,0.0016997167138810198,0.013031161473087818,0.006973196774896492,0.005011985181956853,0.01599477010241883,0.01547178034430159,4.3582479843103074e-05,4.3582479843103074e-05,0.0,0.008193506210503378,0.004532577903682719,0.017432991937241227,0.006363042057093048,0.00937023316626716,0.003050773589017215,0.017432991937241227,0.002397036391370669,0.017432991937241227,0.017432991937241227,0.001263891915449989,0.017432991937241227,0.0006973196774896492,0.017432991937241227,0.00440183046415341,0.017432991937241227,0.003573763347134452,0.017432991937241227,0.015079538025713664,0.017432991937241227,0.017432991937241227,0.017432991937241227,0.017432991937241227,0.017432991937241227
H4_19_2023_01_07,0.0,0.021171862594611762,0.021171862594611762,0.021171862594611762,5.2929656486529405e-05,0.0033345683586513525,0.021171862594611762,0.0,0.0003175779389191764,0.021171862594611762,0.010585931297305881,0.021171862594611762,0.021171862594611762,0.0001587889694595882,0.0,0.012544328587307469,0.0026464828243264703,0.011909172709469116,0.015667178320012704,0.0,0.0,0.00010585931297305881,0.0,0.0,0.004234372518922352,0.007251362938654528,0.021171862594611762,0.021171862594611762,0.0010056634732440587,0.0,0.0,0.021171862594611762,0.000793944847297941,0.01778436457947388,0.021171862594611762,0.0003705075954057058,0.0035992166410839994,0.009897845762980998,0.014661514846768645,0.021171862594611762,0.021171862594611762,0.004869528396760705,0.021171862594611762,0.021171862594611762,0.021171862594611762,0.021171862594611762,0.00010585931297305881,0.004604880114328058,0.0001587889694595882,0.00042343725189223524,0.0010056634732440587,0.021171862594611762,0.021171862594611762,0.021171862594611762,0.021171862594611762,0.021171862594611762,0.000264648282432647,0.021171862594611762,0.0029640607632456465,0.002593553167839941,0.021171862594611762,0.021171862594611762,0.021171862594611762,0.009262689885142646,0.001058593129730588,0.0003175779389191764,0.00010585931297305881,0.01593182660244535,0.001852537977028529,0.0037580056105435875,0.003705075954057058,0.00793944847297941,0.0,0.0,0.0,0.005451754618112529,0.0008998041602709998,0.021171862594611762,0.009844916106494468,0.0024876938548668817,0.00042343725189223524,0.021171862594611762,0.0014291007251362939,0.021171862594611762,0.007145503625681469,0.0001587889694595882,0.021171862594611762,0.00021171862594611762,0.011115227862171175,0.0034404276716244113,0.014767374159741704,0.0008998041602709998,0.021171862594611762,0.004181442862435823,0.021171862594611762,0.021171862594611762,0.021171862594611762,0.021171862594611762,0.018684168739744877
H5_25_2023_01_08,0.0,0.013924182824520485,0.013924182824520485,0.013924182824520485,0.0012183659971455425,0.0060222090716051105,0.013924182824520485,0.0005221568559195182,0.0016012810248198558,0.013924182824520485,0.013924182824520485,0.013924182824520485,0.013924182824520485,0.0086329933512027,0.0,0.013924182824520485,0.011348209001984196,0.013924182824520485,0.013924182824520485,0.004420928046785255,0.0002784836564904097,0.0037943398196818323,3.4810457061301215e-05,0.00372471890555923,0.011522261287290702,0.01033870574720646,0.013924182824520485,0.013924182824520485,0.002784836564904097,0.0020886274236780727,3.4810457061301215e-05,0.013924182824520485,0.0016709019389424583,0.013924182824520485,0.013924182824520485,0.012531764542068438,0.013924182824520485,0.013924182824520485,0.013924182824520485,0.013924182824520485,0.013924182824520485,0.009189960664183521,0.013924182824520485,0.013924182824520485,0.013924182824520485,0.013924182824520485,0.0023323006231071816,0.013924182824520485,0.0010443137118390363,0.008528561980018797,0.0010095032547777353,0.013924182824520485,0.013924182824520485,0.013924182824520485,0.013924182824520485,0.013924182824520485,0.0033418038778849166,0.013924182824520485,0.013924182824520485,0.004386117589723953,0.013924182824520485,0.013924182824520485,0.013924182824520485,0.003411424792007519,0.007136143697566749,0.0031329411355171095,0.013262784140355763,0.013924182824520485,0.011870365857903714,0.01319316322623316,0.013924182824520485,0.013924182824520485,0.0002088627423678073,0.00034810457061301215,0.0,0.013924182824520485,0.007971594667037979,0.013924182824520485,0.008424130608834894,0.013924182824520485,0.013924182824520485,0.013924182824520485,0.009189960664183521,0.013924182824520485,0.013924182824520485,0.01089567306018728,0.013924182824520485,0.0052215685591951826,0.013924182824520485,0.006927280955198942,0.013924182824520485,0.006648797298708532,0.013924182824520485,0.013924182824520485,0.013924182824520485,0.013924182824520485,0.013924182824520485,0.013924182824520485,0.013924182824520485
